user,anomaly_score,risk_score,risk_level,intent
U1,0.173248901571469,0.6,MEDIUM,Normal
U2,0.1259099426829924,0.8,MEDIUM,Normal
U3,0.1811966913847738,0.6,MEDIUM,Normal
U4,0.22894125231842488,0.6,MEDIUM,Normal
U5,0.23640571887776596,1.6,HIGH,Possible Data Theft
